{
    "res1": [
        1280,
        720
    ],
    "res2": [
        1280,
        720
    ],
    "intrinsic1": [
        [
            1425.4789399917056,
            0.0,
            639.5755038764397
        ],
        [
            0.0,
            1425.1623808663585,
            337.1019834144918
        ],
        [
            0.0,
            0.0,
            1.0
        ]
    ],
    "intrinsic2": [
        [
            1425.8670238231737,
            0.0,
            652.9991802093373
        ],
        [
            0.0,
            1425.947360515671,
            352.5808782909444
        ],
        [
            0.0,
            0.0,
            1.0
        ]
    ],
    "R": [
        [
            0.9996453111296807,
            0.026320886388581703,
            -0.004057447000663565
        ],
        [
            -0.026414486900800054,
            0.9993368794123457,
            -0.025061451038642227
        ],
        [
            0.003395116818502991,
            0.025159737401534488,
            0.9996776784522472
        ]
    ],
    "T": [
        [
            -80.1381913778913
        ],
        [
            2.150567951385053
        ],
        [
            0.04201339547245873
        ]
    ],
    "distCoeffs1": [
        [
            7.229309077426937
        ],
        [
            32.58338519233832
        ],
        [
            0.000764652575254739
        ],
        [
            -0.00194646796863852
        ],
        [
            -181.6273804661363
        ],
        [
            7.304573552903535
        ],
        [
            32.450564008664614
        ],
        [
            -183.1000810465267
        ],
        [
            0.0
        ],
        [
            0.0
        ],
        [
            0.0
        ],
        [
            0.0
        ],
        [
            0.0
        ],
        [
            0.0
        ]
    ],
    "distCoeffs2": [
        [
            5.520913998030405
        ],
        [
            -80.17014408631772
        ],
        [
            -0.0012579014738217944
        ],
        [
            0.0009106072324541363
        ],
        [
            11.426709349069814
        ],
        [
            5.521035615975103
        ],
        [
            -81.63484311844135
        ],
        [
            20.998870484148046
        ],
        [
            0.0
        ],
        [
            0.0
        ],
        [
            0.0
        ],
        [
            0.0
        ],
        [
            0.0
        ],
        [
            0.0
        ]
    ],
    "F": [
        [
            1.1806752812911437e-08,
            1.7019643542200177e-08,
            0.004290585410982017
        ],
        [
            4.4084368698778817e-07,
            2.832231141326771e-06,
            0.15905383349833066
        ],
        [
            -0.0002291837211610323,
            -0.161447514873743,
            1.0
        ]
    ],
    "E": [
        [
            0.00841119170544631,
            0.01212218939604024,
            2.1509276936480153
        ],
        [
            0.3140770151401705,
            2.0173616807106893,
            80.11219064488682
        ],
        [
            -0.032995962462713635,
            -80.14165494805057,
            2.017105175026434
        ]
    ],
    "reprojectionError": 0.18933861107403727
}