{"res1": [1280, 720], "res2": [1280, 720], "intrinsic1": [[1425.3701620345912, 0.0, 639.5218280796132], [0.0, 1425.0519342710936, 337.1284493525272], [0.0, 0.0, 1.0]], "intrinsic2": [[1425.6669854729978, 0.0, 652.9758418340172], [0.0, 1425.7427814702623, 352.5761671639255], [0.0, 0.0, 1.0]], "R": [[0.9996452191319605, 0.02632115799049622, -0.004078297273862905], [-0.026415205834114896, 0.9993374265751804, -0.025038864727401404], [0.003416543188078139, 0.025137710479180488, 0.999678159581627]], "T": [[-80.13827245691807], [2.1496431430855374], [0.04423709408806235]], "distCoeffs1": [-0.07079754097481214, 0.574857335979487, 0.0007624908277178728, -0.0019569719270624217, -1.1459576792391737], "distCoeffs2": [0.015342729535296099, 0.7626420689659136, -0.001260032211600672, 0.0009032286065965489, -2.354855336214595], "F": [[1.19996219867655e-08, 1.3858352713996016e-08, 0.0043075077865921034], [4.482482864849283e-07, 2.841721748049693e-06, 0.15970672565107602], [-0.00023020741921288778, -0.16209962264191896, 1.0]], "E": [[0.008512880583147047, 0.009829323199311436, 2.1500589476518184], [0.31801726848045564, 2.015657062866223, 80.11230030976262], [-0.032011528685386814, -80.14175606406951, 2.0153382473066332]], "reprojectionError": 0.1894171462025343}