{"Rcommon": [[-0.9999920463418044, 0.0004989419190741843, 0.0039570582624026416], [-0.0004491658110396535, -0.9999208935820851, 0.012569997139162235], [0.003963016932216576, 0.012568119786417694, 0.9999131646607266]], "rectHomography1": [[-0.1617845477755906, -0.0008443700260123052, 0.006643466984554329], [0.00023020741210901172, 0.16209962361584704, -1.0], [2.7938595348947607e-06, 8.862289285323472e-06, 1.0]], "rectHomography2": [[-0.1601662304484635, 0.00518895671577116, 0.0], [0.0043073577602108235, 0.15971553082780576, 0.0], [1.500496599785738e-07, -8.804197353018223e-06, 1.0]], "res1": [1280, 720], "res2": [1280, 720], "intrinsic1": [[1425.3701616512608, 0.0, 639.5218281578999], [0.0, 1425.051933889055, 337.12844940996285], [0.0, 0.0, 1.0]], "intrinsic2": [[1425.3701616512608, 0.0, 639.5218281578999], [0.0, 1425.051933889055, 337.12844940996285], [0.0, 0.0, 1.0]], "R": [[0.9996452191323448, 0.026321157995265694, -0.004078297148872038], [-0.02641520583523442, 0.9993374265788637, -0.025038864579215947], [0.003416543066966115, 0.025137710327760132, 0.9996781595858485]], "T": [[-80.13827245667795], [2.149643139843941], [0.04423710037527985]], "distCoeffs1": [-0.0707975408353173, 0.5748573335776855, 0.0007624908418415386, -0.0019569719032335713, -1.145957668874923], "distCoeffs2": [0.015342729485553225, 0.7626420687592097, -0.0012600322426823932, 0.0009032285821602379, -2.354855334720589], "F": [[1.1999621914552382e-08, 1.385834336949086e-08, 0.004307507809870802], [4.482482845080416e-07, 2.8417217492059584e-06, 0.15970672663045274], [-0.00023020741210901172, -0.16209962361584704, 1.0]], "E": [[0.008512880477852031, 0.009829316509110706, 2.1500589445712097], [0.3180172650589308, 2.0156570508913187, 80.11230030984078], [-0.032011525362392976, -80.14175606404964, 2.015338235143388]], "reprojectionError": 0.1894171462029187}