{"res1": [1920, 1080], "res2": [1280, 720], "intrinsic1": [[2759.3025749385847, 0.0, 921.8713012106526], [0.0, 2782.1396844429682, 650.6641079545659], [0.0, 0.0, 1.0]], "intrinsic2": [[1847.0022116398561, 0.0, 608.7370464237462], [0.0, 1903.5766223924602, 410.8187849450778], [0.0, 0.0, 1.0]], "R": [[0.9679922758317462, -0.033239590605470756, 0.24876913704569], [0.04491544221774817, 0.9981323698810521, -0.04140501474481964], [-0.24692824257354754, 0.05125331025421974, 0.9676773952136755]], "T": [[-211.82151559917057], [14.458962007809848], [75.14429934830447]], "distCoeffs1": [[-0.3247918746646741, 0.27381244115377196, 0.0038616148841416863, 0.0030984646085310944, -0.2717846179170895]], "distCoeffs2": [[-0.2364594997546493, 9.45581952722086, 0.019604529740461143, 0.0006247395397813146, -80.1026634044778]], "F": [[-3.52963393493241e-07, -3.743006110783025e-06, 0.005159101396910089], [1.0075972388218177e-06, 4.0877946533920017e-07, 0.029237074539626616], [-0.0024058243776502526, -0.017526917663478952, 1.0]], "E": [[-6.945465513398119, -74.2628879258341, 17.102961515716615], [20.434386755778775, 8.358788110850751, 223.668474967999], [-23.510220584474997, -210.9453013790767, 5.173529475394426]], "reprojectionError": 0.8050111242251679}