{"Rcommon": [[-0.8920202861786998, 0.23182133074778624, 0.3880189166213368], [-0.3232811399633204, -0.9271863578774716, -0.189247885879672], [0.3158941493438682, -0.29425215101377705, 0.902012504366807]], "rectHomography1": [[-2979.661875715837, 1112.202083805313, -118118.09295419436], [1430.9160320357068, 1878.137340431972, 886820.6317973718], [0.00039797643318319686, -0.00037071095416037816, 1.0]], "rectHomography2": [[-7556.52555615262, 770.6801366806357, 0.0], [3083.352366680966, 5030.719291897765, 0.0], [0.0017834651857520302, -0.00022335603633105868, 1.0]], "res1": [960, 540], "res2": [960, 540], "intrinsic1": [[960.0, 0.0, 480.0], [0.0, 960.0, 270.0], [0.0, 0.0, 1.0]], "intrinsic2": [[960.0, 0.0, 480.0], [0.0, 960.0, 270.0], [0.0, 0.0, 1.0]], "R": [[0.8880043392681386, -0.2905670304442114, 0.3563974327802112], [0.2630757719551144, 0.9567070650290648, 0.12451015973036929], [-0.3771464729631515, -0.016806020819202322, 0.9260011585381176]], "T": [[-4.890786478792931], [0.24026048334013694], [4.6917048663512855]], "distCoeffs1": [0.0, 0.0, 0.0, 0.0, 0.0], "distCoeffs2": [0.0, 0.0, 0.0, 0.0, 0.0], "F": [[-1.324887334514075, -4.492625096323555, 1501.7386438637336], [2.321711478201739, -1.4454494983393424, 5228.796033152631], [-1430.9160320357068, -1878.137340431972, -886820.6317973718]]}