{"Rcommon": [[-0.8920202861787, 0.2318213307477863, 0.38801891662133664], [-0.32328113996332386, -0.9271863578774683, -0.18924788587968217], [0.3158941493438669, -0.29425215101378815, 0.9020125043668039]], "rectHomography1": [[-2979.6618757158712, 1112.2020838053347, -118118.09295419084], [1430.9160320357073, 1878.1373404319725, 886820.6317973718], [0.0003979764331831948, -0.00037071095416039187, 1.0]], "rectHomography2": [[-7556.525556152637, 770.6801366806859, 0.0], [3083.352366680966, 5030.719291897739, 0.0], [0.0017834651857520302, -0.00022335603633108787, 1.0]], "res1": [960, 540], "res2": [960, 540], "intrinsic1": [[960.0, 0.0, 480.0], [0.0, 960.0, 270.0], [0.0, 0.0, 1.0]], "intrinsic2": [[960.0, 0.0, 480.0], [0.0, 960.0, 270.0], [0.0, 0.0, 1.0]], "R": [[0.8880043392681386, -0.2905670304442114, 0.3563974327802112], [0.2630757719551144, 0.9567070650290648, 0.12451015973036929], [-0.3771464729631515, -0.016806020819202322, 0.9260011585381176]], "T": [[-4.890786478792931], [0.24026048334013694], [4.691704866351284]], "distCoeffs1": [0.0, 0.0, 0.0, 0.0, 0.0], "distCoeffs2": [0.0, 0.0, 0.0, 0.0, 0.0], "F": [[-1.3248873345140748, -4.492625096323553, 1501.7386438637336], [2.321711478201738, -1.445449498339342, 5228.796033152631], [-1430.916032035707, -1878.1373404319727, -886820.6317973718]]}