{"Rcommon": [[-0.9999512646320203, -0.008189936010285748, 0.005513012694567637], [0.008190117414776855, -0.9999664603725695, 1.0328927343593044e-05], [3.829021683491788e-06, 1.0360634971971384e-05, 0.9999999999389979]], "rectHomography1": [[-0.16486209063017723, -0.0024591562819862873, 0.007996534012951704], [-0.00114435440718933, 0.16514985027140097, -1.0], [3.829021683725367e-06, 1.0360634972603405e-05, 1.0]], "rectHomography2": [[-0.16352427731815453, 0.003950086761964916, 0.0], [0.0030795363085420065, 0.16264900302466448, 0.0], [3.3429100768600424e-06, -1.0367990399954901e-05, 1.0]], "res1": [1280, 720], "res2": [1280, 720], "intrinsic1": [[1417.0094489575245, 0.0, 644.5036453393261], [0.0, 1417.71145417095, 335.70060827940284], [0.0, 0.0, 1.0]], "intrinsic2": [[1418.2113022837482, 0.0, 653.7591737890718], [0.0, 1418.434693537483, 356.9254927877321], [0.0, 0.0, 1.0]], "R": [[0.9996626958309153, 0.025950891518260306, -0.0010226404423786036], [-0.025969684835400145, 0.9992367892045608, -0.029179009059770684], [0.0002646386534327103, 0.02919572450835357, 0.9995736789435862]], "T": [[-80.24246224004183], [1.4144200987318256], [0.4018354788696801]], "distCoeffs1": [-0.07920847235307069, 0.8030027795431188, 0.0010846084756142241, -0.0010308589725839133, -2.379894535096535], "distCoeffs2": [-0.004088056203440407, 1.1293841318995383, 0.0007655845415554059, 0.0012632988734189682, -4.301532354516292], "F": [[1.561708518052267e-08, -5.201751470865021e-07, 0.0030828792186188667], [6.109219039100447e-07, 3.397419011164768e-06, 0.1626386350342645], [0.00114435440718933, -0.16514985027140097, 1.0]], "E": [[0.010809850972244238, -0.36023377415256363, 1.425542262739597], [0.42293519524270096, 2.3531648103525606, 80.20784225555853], [0.6699284458546968, -80.21792578915105, 2.342841975875964]], "reprojectionError": 0.20674495010509333}